WCR Number,ScreenTopDepth_ft,ScreenBottomDepth_ft,WeatheredBedrockDepth_ft,BedrockDepth_ft,BedrockType_WellScreen,PLSS MTRS,WCR Links
WCR0137272,60,280,21,21,shale/sandstone,M12N11W18,https://fte.water.ca.gov/owncloud/index.php/s/M6wVTjROhqucdsB/download?path=%2FMendocino%20County%2F12N11W%2F&files=12N11W18_179621.pdf
WCR0318788,35,80,50,50,shale/hard gray rock,M12N11W19,https://fte.water.ca.gov/owncloud/index.php/s/M6wVTjROhqucdsB/download?path=%2FMendocino%20County%2F12N11W%2F&files=12N11W19_126834.pdf
WCR2002-005625,70,150,18,18,greenstone/serpentine shale,M12N11W20,https://fte.water.ca.gov/owncloud/index.php/s/M6wVTjROhqucdsB/download?path=%2FMendocino%20County%2F12N11W%2F&files=12N11W20_790285.pdf
WCR1993-003984,100,220,21,40,sandstone/shale,M12N12W15,https://fte.water.ca.gov/owncloud/index.php/s/M6wVTjROhqucdsB/download?path=%2FMendocino%20County%2F12N12W%2F&files=12N12W15_471718.pdf
WCR1994-003300,100,200,3,70,sandstone,M12N12W15,https://fte.water.ca.gov/owncloud/index.php/s/M6wVTjROhqucdsB/download?path=%2FMendocino%20County%2F12N12W%2F&files=12N12W15_496089.pdf
WCR1993-003967,120,220,2,40,fractured sandstone with shale,M12N15W34,https://fte.water.ca.gov/owncloud/index.php/s/M6wVTjROhqucdsB/download?path=%2FMendocino%20County%2F12N15W%2F&files=12N15W34_471702.pdf
WCR2007-000389,80,350,35,35,blue/shaley blue,M13N12W04,https://fte.water.ca.gov/owncloud/index.php/s/M6wVTjROhqucdsB/download?path=%2FMendocino%20County%2F13N12W%2F&files=13N12W04_0940048.pdf
WCR1995-005632,40,200,25,25,hard sandstone/serpentine clay,M13N12W15,https://fte.water.ca.gov/owncloud/index.php/s/M6wVTjROhqucdsB/download?path=%2FMendocino%20County%2F13N12W%2F&files=13N12W15_556950.pdf
WCR2008-001950,120,200,0,40,gray sandstone,M13N12W18,https://fte.water.ca.gov/owncloud/index.php/s/M6wVTjROhqucdsB/download?path=%2FMendocino%20County%2F13N12W%2F&files=13N12W18_E0078574.pdf
WCR0027052,22,193,4,4,red shale/blue black shale/blue rock/graywacke/black shale,M13N13W02,https://fte.water.ca.gov/owncloud/index.php/s/M6wVTjROhqucdsB/download?path=%2FMendocino%20County%2F13N13W%2F&files=13N13W02_122606.pdf
WCR0194518,70,90,55,55,sandstone/gray rock/brown rock,M13N13W12,https://fte.water.ca.gov/owncloud/index.php/s/M6wVTjROhqucdsB/download?path=%2FMendocino%20County%2F13N13W%2F&files=13N13W12_44702.pdf
WCR2002-003997,10,20,9999,9999,Did not reach bedrock,M13N13W32,https://fte.water.ca.gov/owncloud/index.php/s/M6wVTjROhqucdsB/download?path=%2FMendocino%20County%2F13N13W%2F&files=13N13W32_774485.pdf
WCR0160053,15,30,9999,9999,Did not reach bedrock,M13N14W02,https://fte.water.ca.gov/owncloud/index.php/s/M6wVTjROhqucdsB/download?path=%2FMendocino%20County%2F13N14W%2F&files=13N14W02_18622.pdf
WCR0249844,60,160,100,100,sandstone/shale,M13N14W02,https://fte.water.ca.gov/owncloud/index.php/s/M6wVTjROhqucdsB/download?path=%2FMendocino%20County%2F13N14W%2F&files=13N14W02_234058.pdf
WCR0026986,80,150,25,25,shale/sandstone,M13N14W03,https://fte.water.ca.gov/owncloud/index.php/s/M6wVTjROhqucdsB/download?path=%2FMendocino%20County%2F13N14W%2F&files=13N14W03_234089.pdf
WCR0034948,60,225,78,78,shale/sandstone,M13N14W03,https://fte.water.ca.gov/owncloud/index.php/s/M6wVTjROhqucdsB/download?path=%2FMendocino%20County%2F13N14W%2F&files=13N14W03_239218.pdf
WCR0238831,21,34,9999,9999,Did not reach bedrock,M13N14W03,https://fte.water.ca.gov/owncloud/index.php/s/M6wVTjROhqucdsB/download?path=%2FMendocino%20County%2F13N14W%2F&files=13N14W03_46082.pdf
WCR0110873,10,21,9999,9999,Did not reach bedrock,M13N14W03,https://fte.water.ca.gov/owncloud/index.php/s/M6wVTjROhqucdsB/download?path=%2FMendocino%20County%2F13N14W%2F&files=13N14W03_46083.pdf
WCR0160060,130,150,10,10,sandstone and clay/fractured rock starting at 74 ft,M13N14W11,https://fte.water.ca.gov/owncloud/index.php/s/M6wVTjROhqucdsB/download?path=%2FMendocino%20County%2F13N14W%2F&files=13N14W11_056290.pdf
WCR2007-007415,79,179,15,15,fractured rock/clay,M13N14W11,https://fte.water.ca.gov/owncloud/index.php/s/M6wVTjROhqucdsB/download?path=%2FMendocino%20County%2F13N14W%2F&files=13N14W11_E053307.pdf
WCR2005-003677,20,140,130,130,siltstone,M13N17W25,https://fte.water.ca.gov/owncloud/index.php/s/M6wVTjROhqucdsB/download?path=%2FMendocino%20County%2F13N17W%2F&files=13N17W25_1079470.pdf
WCR1988-007505,105,185,21,60,sandstone,M14N12W06,https://fte.water.ca.gov/owncloud/index.php/s/M6wVTjROhqucdsB/download?path=%2FMendocino%20County%2F14N12W%2F&files=14N12W06_281409.pdf
WCR0166972,50,70,8,8,stratified hard gray rock,M14N12W07,https://fte.water.ca.gov/owncloud/index.php/s/M6wVTjROhqucdsB/download?path=%2FMendocino%20County%2F14N12W%2F&files=14N12W07_56157.pdf
WCR0084175,15,50,15,15,blue shale and clay,M14N12W07,https://fte.water.ca.gov/owncloud/index.php/s/M6wVTjROhqucdsB/download?path=%2FMendocino%20County%2F14N12W%2F&files=14N12W07_56164.pdf
WCR2005-001908,20,155,2,25,greenstone w clay/shale,M14N12W18,https://fte.water.ca.gov/owncloud/index.php/s/M6wVTjROhqucdsB/download?path=%2FMendocino%20County%2F14N12W%2F&files=14N12W18_0918947.pdf
WCR1995-001670,100,200,35,35,sandstone and shale,M14N13W28,https://fte.water.ca.gov/owncloud/index.php/s/M6wVTjROhqucdsB/download?path=%2FMendocino%20County%2F14N13W%2F&files=14N13W28_442550.pdf
WCR2005-001929,100,200,2,65,sandstone/weathered sandstone/fractured sandstone w shale,M14N14W13,https://fte.water.ca.gov/owncloud/index.php/s/M6wVTjROhqucdsB/download?path=%2FMendocino%20County%2F14N14W%2F&files=14N14W13_0918909.pdf
WCR0156999,45,85,75,75,blue clay and fractured rock/gray rock and serpentine,M14N14W18,https://fte.water.ca.gov/owncloud/index.php/s/M6wVTjROhqucdsB/download?path=%2FMendocino%20County%2F14N14W%2F&files=14N14W18_118642.pdf
WCR0281053,35,106,30,30,rock/limestone/rock,M14N14W18,https://fte.water.ca.gov/owncloud/index.php/s/M6wVTjROhqucdsB/download?path=%2FMendocino%20County%2F14N14W%2F&files=14N14W18_23004.pdf
WCR1992-004287,60,200,9999,9999,Did not reach bedrock,M14N14W18,https://fte.water.ca.gov/owncloud/index.php/s/M6wVTjROhqucdsB/download?path=%2FMendocino%20County%2F14N14W%2F&files=14N14W18_398336.pdf
WCR1982-000320,70,160,25,25,hard sandstone/shale,M14N14W19,https://fte.water.ca.gov/owncloud/index.php/s/M6wVTjROhqucdsB/download?path=%2FMendocino%20County%2F14N14W%2F&files=14N14W19_212065.pdf
WCR1994-004000,30,140,25,25,sandstone and blue clay,M14N14W19,https://fte.water.ca.gov/owncloud/index.php/s/M6wVTjROhqucdsB/download?path=%2FMendocino%20County%2F14N14W%2F&files=14N14W19_548170.pdf
WCR2009-003238,60,200,180,180,sandstone with shale,M14N14W19,https://fte.water.ca.gov/owncloud/index.php/s/M6wVTjROhqucdsB/download?path=%2FMendocino%20County%2F14N14W%2F&files=14N14W19_E0090057.pdf
WCR0246637,137,217,110,110,hard sandy gray conglomerate w soft streaks/hard gray sandstone rock/sandy gray shale rock,M14N14W20,https://fte.water.ca.gov/owncloud/index.php/s/M6wVTjROhqucdsB/download?path=%2FMendocino%20County%2F14N14W%2F&files=14N14W20_03083.pdf
WCR0137270,325,360,30,30,sandstone/green sandy clay/blue sand,M14N14W21,https://fte.water.ca.gov/owncloud/index.php/s/M6wVTjROhqucdsB/download?path=%2FMendocino%20County%2F14N14W%2F&files=14N14W21_084562.pdf
WCR2003-002480,60,140,19,54,highly fractured gray sandstone/gray and brown shale clay with seams of gray rock,M14N14W21,https://fte.water.ca.gov/owncloud/index.php/s/M6wVTjROhqucdsB/download?path=%2FMendocino%20County%2F14N14W%2F&files=14N14W21_769951.pdf
WCR1990-001224,98,198,26,34,gray shale/gray sandy rock,M14N14W22,https://fte.water.ca.gov/owncloud/index.php/s/M6wVTjROhqucdsB/download?path=%2FMendocino%20County%2F14N14W%2F&files=14N14W22_211220.pdf
WCR2002-006170,90,170,18,68,sandystone/shale w clay,M14N14W23,https://fte.water.ca.gov/owncloud/index.php/s/M6wVTjROhqucdsB/download?path=%2FMendocino%20County%2F14N14W%2F&files=14N14W23_806939.pdf
WCR2001-005411,60,135,18,18,soft sandstone/hard fractured sandstone/shale w clay,M14N16W28,https://fte.water.ca.gov/owncloud/index.php/s/M6wVTjROhqucdsB/download?path=%2FMendocino%20County%2F14N14W%2F&files=14N14W28_762454.pdf
WCR1998-005750,80,200,180,180,shale,M14N14W28,https://fte.water.ca.gov/owncloud/index.php/s/M6wVTjROhqucdsB/download?path=%2FMendocino%20County%2F14N14W%2F&files=14N14W28_814084.pdf
WCR0110133,80,220,21,70,shale/sandstone,M14N14W28,https://fte.water.ca.gov/owncloud/index.php/s/M6wVTjROhqucdsB/download?path=%2FMendocino%20County%2F14N14W%2F&files=14N14W28E_236890.pdf
WCR2008-003777,40,300,30,30,brown clay with cemented gravel/blue clay/sandstone w clay,M14N14W34,https://fte.water.ca.gov/owncloud/index.php/s/M6wVTjROhqucdsB/download?path=%2FMendocino%20County%2F14N14W%2F&files=14N14W34_E0083504.pdf
WCR1996-000149,42,102,2,2,highly fractured gray sandy rock/shaley clay,M14N14W36,https://fte.water.ca.gov/owncloud/index.php/s/M6wVTjROhqucdsB/download?path=%2FMendocino%20County%2F14N14W%2F&files=14N14W36_392983.pdf
WCR0065323,50,102,30,30,sandstone,M14N15W03,https://fte.water.ca.gov/owncloud/index.php/s/M6wVTjROhqucdsB/download?path=%2FMendocino%20County%2F14N15W%2F&files=14N15W03_104893.pdf
WCR0240148,180,260,12,74,soft sandstone/clay/sandstone,M14N15W03,https://fte.water.ca.gov/owncloud/index.php/s/M6wVTjROhqucdsB/download?path=%2FMendocino%20County%2F14N15W%2F&files=14N15W03_104896.pdf
WCR0065325,18,28,9999,9999,Did not reach bedrock,M14N15W11,https://fte.water.ca.gov/owncloud/index.php/s/M6wVTjROhqucdsB/download?path=%2FMendocino%20County%2F14N15W%2F&files=14N15W11_116100.pdf
WCR1992-002420,35,55,9999,9999,Did not reach bedrock,M14N15W13,https://fte.water.ca.gov/owncloud/index.php/s/M6wVTjROhqucdsB/download?path=%2FMendocino%20County%2F14N15W%2F&files=14N15W13_391067.pdf
WCR2003-004208,40,120,20,20,Brown clay cemented gravel/blue clay/blue clay w gravel and coarse sand stringers,M14N15W13,https://fte.water.ca.gov/owncloud/index.php/s/M6wVTjROhqucdsB/download?path=%2FMendocino%20County%2F14N15W%2F&files=14N15W13_804853.pdf
WCR2001-005412,100,160,2,62,sandstone/shale w sandstone,M14N15W28,https://fte.water.ca.gov/owncloud/index.php/s/M6wVTjROhqucdsB/download?path=%2FMendocino%20County%2F14N15W%2F&files=14N15W28_762455.pdf
WCR1993-001988,20,154,29,29,gray sandstone,M14N17W13,https://fte.water.ca.gov/owncloud/index.php/s/M6wVTjROhqucdsB/download?path=%2FMendocino%20County%2F14N17W%2F&files=14N17W13_419898.pdf
WCR0219897,33,53,19,19,blue and green clay and shale/gray clay and rock/gray clay/sand and gravel/gray clay and rock,M14N17W24,https://fte.water.ca.gov/owncloud/index.php/s/M6wVTjROhqucdsB/download?path=%2FMendocino%20County%2F14N17W%2F&files=14N17W24_056459.pdf
WCR2000-004608,60,210,16,16,clay cemented gravels/clay w gravel stringers/clay w sand and gravel,M15N12W05,https://fte.water.ca.gov/owncloud/index.php/s/M6wVTjROhqucdsB/download?path=%2FMendocino%20County%2F15N12W%2F&files=15N12W05_730694.pdf
WCR2009-006841,22,62,9999,9999,Did not reach bedrock,M15N12W05,https://fte.water.ca.gov/owncloud/index.php/s/M6wVTjROhqucdsB/download?path=%2FMendocino%20County%2F15N12W%2F&files=15N12W05_E0113126.pdf
WCR2010-005023,35,35,9999,9999,Did not reach bedrock,M15N12W05,https://fte.water.ca.gov/owncloud/index.php/s/M6wVTjROhqucdsB/download?path=%2FMendocino%20County%2F15N12W%2F&files=15N12W05_E0126631.pdf
WCR2010-005011,77,78,9999,9999,Did not reach bedrock,M15N12W05,https://fte.water.ca.gov/owncloud/index.php/s/M6wVTjROhqucdsB/download?path=%2FMendocino%20County%2F15N12W%2F&files=15N12W05_E0126685.pdf
WCR2006-004674,10,25,9999,9999,Did not reach bedrock,M15N12W05,https://fte.water.ca.gov/owncloud/index.php/s/M6wVTjROhqucdsB/download?path=%2FMendocino%20County%2F15N12W%2F&files=15N12W05_E038756.pdf
WCR2007-003131,40,100,9999,9999,Did not reach bedrock,M15N12W05,https://fte.water.ca.gov/owncloud/index.php/s/M6wVTjROhqucdsB/download?path=%2FMendocino%20County%2F15N12W%2F&files=15N12W05_E063497.pdf
WCR2014-005038,40,200,40,40,blue clay w cemented gravel,M15N12W06,https://fte.water.ca.gov/owncloud/index.php/s/M6wVTjROhqucdsB/download?path=%2FMendocino%20County%2F15N12W%2F&files=15N12W06_E0206617.pdf
WCR2001-001247,40,160,142,142,shale w clay,M15N12W07,https://fte.water.ca.gov/owncloud/index.php/s/M6wVTjROhqucdsB/download?path=%2FMendocino%20County%2F15N12W%2F&files=15N12W07_710597.pdf
WCR0030737,19.3,22.3,9999,9999,Did not reach bedrock,M15N12W08,https://fte.water.ca.gov/owncloud/index.php/s/M6wVTjROhqucdsB/download?path=%2FMendocino%20County%2F15N12W%2F&files=15N12W08_0931088A-B.pdf
WCR0193663,196,211,57,109,cemented gravel/clay,M15N12W08,https://fte.water.ca.gov/owncloud/index.php/s/M6wVTjROhqucdsB/download?path=%2FMendocino%20County%2F15N12W%2F&files=15N12W08_126804.pdf
WCR1994-004870,10,25,9999,9999,Did not reach bedrock,M15N12W08,https://fte.water.ca.gov/owncloud/index.php/s/M6wVTjROhqucdsB/download?path=%2FMendocino%20County%2F15N12W%2F&files=15N12W08_564309.pdf
WCR1990-002614,2,6,9999,9999,Did not reach bedrock,M15N12W20,https://fte.water.ca.gov/owncloud/index.php/s/M6wVTjROhqucdsB/download?path=%2FMendocino%20County%2F15N12W%2F&files=15N12W20_292250.pdf
WCR2002-003693,5,25,9999,9999,Did not reach bedrock,M15N12W20,https://fte.water.ca.gov/owncloud/index.php/s/M6wVTjROhqucdsB/download?path=%2FMendocino%20County%2F15N12W%2F&files=15N12W20_778061.pdf
WCR2009-001936,15,30,9999,9999,Did not reach bedrock,M15N12W20,https://fte.water.ca.gov/owncloud/index.php/s/M6wVTjROhqucdsB/download?path=%2FMendocino%20County%2F15N12W%2F&files=15N12W20_E0092806.pdf
WCR2009-007067,16,21,9999,9999,Did not reach bedrock,M15N12W20,https://fte.water.ca.gov/owncloud/index.php/s/M6wVTjROhqucdsB/download?path=%2FMendocino%20County%2F15N12W%2F&files=15N12W20_E0105670.pdf
WCR2014-005411,15,30,9999,9999,Did not reach bedrock,M15N12W20,https://fte.water.ca.gov/owncloud/index.php/s/M6wVTjROhqucdsB/download?path=%2FMendocino%20County%2F15N12W%2F&files=15N12W20_E0215843.pdf
WCR0153564,26,43,9999,9999,Did not reach bedrock,M15N12W21,https://fte.water.ca.gov/owncloud/index.php/s/M6wVTjROhqucdsB/download?path=%2FMendocino%20County%2F15N12W%2F&files=15N12W21_56884.pdf
WCR2003-003644,160,260,2,45,Sandstone/serpentine and shale,M15N13W35,https://fte.water.ca.gov/owncloud/index.php/s/M6wVTjROhqucdsB/download?path=%2FMendocino%20County%2F15N13W%2F&files=15N13W35_790315.pdf
WCR2010-001805,60,200,2,40,Sandstone with shale,M15N14W32,https://fte.water.ca.gov/owncloud/index.php/s/M6wVTjROhqucdsB/download?path=%2FMendocino%20County%2F15N14W%2F&files=15N14W32_E0115211.pdf
WCR1994-003270,100,200,25,42,Sandstone/shale,M15N15W20,https://fte.water.ca.gov/owncloud/index.php/s/M6wVTjROhqucdsB/download?path=%2FMendocino%20County%2F15N15W%2F&files=15N15W20_496008.pdf
WCR2005-001924,100,220,2,35,Sandstone/sandstone w shale and clay,M15N15W21,https://fte.water.ca.gov/owncloud/index.php/s/M6wVTjROhqucdsB/download?path=%2FMendocino%20County%2F15N15W%2F&files=15N15W21_0918904.pdf
WCR1999-005567,80,160,45,80,Sandstone w shale,M15N15W21,https://fte.water.ca.gov/owncloud/index.php/s/M6wVTjROhqucdsB/download?path=%2FMendocino%20County%2F15N15W%2F&files=15N15W21_821977.pdf
WCR2008-005601,40,195,25,25,Sandstone w shale/sandstone/shale (soft),M15N15W21,https://fte.water.ca.gov/owncloud/index.php/s/M6wVTjROhqucdsB/download?path=%2FMendocino%20County%2F15N15W%2F&files=15N15W21_E077000.pdf
WCR0110889,240,340,10,60,Sandstone/shale,M15N15W23,https://fte.water.ca.gov/owncloud/index.php/s/M6wVTjROhqucdsB/download?path=%2FMendocino%20County%2F15N15W%2F&files=15N15W23_228011.pdf
WCR2005-004239,20,260,2,30,Sandstone/shale w clay,M15N15W25,https://fte.water.ca.gov/owncloud/index.php/s/M6wVTjROhqucdsB/download?path=%2FMendocino%20County%2F15N15W%2F&files=15N15W25_1079395.pdf
WCR1995-005588,30,110,2,30,fractured sandstone,M15N15W27,https://fte.water.ca.gov/owncloud/index.php/s/M6wVTjROhqucdsB/download?path=%2FMendocino%20County%2F15N15W%2F&files=15N15W27_556924.pdf
WCR0127248,40,120,17,17,shale/soft sandstone/hard sandstone,M15N15W29,https://fte.water.ca.gov/owncloud/index.php/s/M6wVTjROhqucdsB/download?path=%2FMendocino%20County%2F15N15W%2F&files=15N15W29_234009.pdf
WCR2003-004735,120,220,2,22,sandstone w clay/sandstone/shale w clay,M15N15W34,https://fte.water.ca.gov/owncloud/index.php/s/M6wVTjROhqucdsB/download?path=%2FMendocino%20County%2F15N15W%2F&files=15N15W34_797157.pdf
WCR0098740,110,180,18,18,shale/hard fractured sandstone,M15N16W01,https://fte.water.ca.gov/owncloud/index.php/s/M6wVTjROhqucdsB/download?path=%2FMendocino%20County%2F15N16W%2F&files=15N16W01_181688.pdf
WCR1994-003212,80,160,24,40,sandstone/shale,M15N16W01,https://fte.water.ca.gov/owncloud/index.php/s/M6wVTjROhqucdsB/download?path=%2FMendocino%20County%2F15N16W%2F&files=15N16W01_496042.pdf
WCR1988-005078,40,80,10,40,sandstone,M15N16W06,https://fte.water.ca.gov/owncloud/index.php/s/M6wVTjROhqucdsB/download?path=%2FMendocino%20County%2F15N16W%2F&files=15N16W06_277915.pdf
WCR1981-002255,80,200,20,60,hard sandstone,M15N16W12,https://fte.water.ca.gov/owncloud/index.php/s/M6wVTjROhqucdsB/download?path=%2FMendocino%20County%2F15N16W%2F&files=15N16W12_228078.pdf
WCR2011-004024,238,298,23,23,sandstone,M15N16W29,https://fte.water.ca.gov/owncloud/index.php/s/M6wVTjROhqucdsB/download?path=%2FMendocino%20County%2F15N16W%2F&files=15N16W29_E0136117.pdf
WCR0281260,29,48.5,18,18,brown shale clay/blue clay/blue shale,M15N17W02,https://fte.water.ca.gov/owncloud/index.php/s/M6wVTjROhqucdsB/download?path=%2FMendocino%20County%2F15N17W%2F&files=15N17W02_156162.pdf
WCR1989-004988,30,100,44,44,gray rock/shale/gray sandstone,M15N17W14,https://fte.water.ca.gov/owncloud/index.php/s/M6wVTjROhqucdsB/download?path=%2FMendocino%20County%2F15N17W%2F&files=15N17W14_285140.pdf
WCR1998-003563,25,190,2,2,yellow sandstone fractured/gray rock fractured,M16N13W35,https://fte.water.ca.gov/owncloud/index.php/s/M6wVTjROhqucdsB/download?path=%2FMendocino%20County%2F16N13W%2F&files=16N13W35_557690.pdf
WCR2011-002923,116,176,26,26,blue sandstone,M16N14W19,https://fte.water.ca.gov/owncloud/index.php/s/M6wVTjROhqucdsB/download?path=%2FMendocino%20County%2F16N14W%2F&files=16N14W19_E0135021.pdf
WCR0137465,16,36,26,26,graywacke,M16N15W07,https://fte.water.ca.gov/owncloud/index.php/s/M6wVTjROhqucdsB/download?path=%2FMendocino%20County%2F16N15W%2F&files=16N15W07_141399.pdf
WCR1987-003698,80,160,0,0,blue sandstone,M16N15W07,https://fte.water.ca.gov/owncloud/index.php/s/M6wVTjROhqucdsB/download?path=%2FMendocino%20County%2F16N15W%2F&files=16N15W07_200283.pdf
WCR1994-000972,65,145,28,28,brown clay and brown sandstone/blue clay and fractured BTSS,M16N15W22,https://fte.water.ca.gov/owncloud/index.php/s/M6wVTjROhqucdsB/download?path=%2FMendocino%20County%2F16N15W%2F&files=16N15W22_421443.pdf
WCR2010-002788,80,380,18,45,greenstone/greenstone with shale,M16N15W22,https://fte.water.ca.gov/owncloud/index.php/s/M6wVTjROhqucdsB/download?path=%2FMendocino%20County%2F16N15W%2F&files=16N15W22_E0111181.pdf
WCR2014-005387,100,180,18,18,hard sandstone/sandstone w shale,M16N16W03,https://fte.water.ca.gov/owncloud/index.php/s/M6wVTjROhqucdsB/download?path=%2FMendocino%20County%2F16N16W%2F&files=16N16W03_E0199843.pdf
WCR1986-004062,40,200,17,40,sandstone/shale,M16N16W12,https://fte.water.ca.gov/owncloud/index.php/s/M6wVTjROhqucdsB/download?path=%2FMendocino%20County%2F16N16W%2F&files=16N16W12_195075.pdf
WCR1988-005516,100,160,0,0,sandstone,M16N16W12,https://fte.water.ca.gov/owncloud/index.php/s/M6wVTjROhqucdsB/download?path=%2FMendocino%20County%2F16N16W%2F&files=16N16W12_271771.pdf
WCR1995-002019,40,240,2,2,brown clay/fractured sandstone/hard sandstone,M16N16W12,https://fte.water.ca.gov/owncloud/index.php/s/M6wVTjROhqucdsB/download?path=%2FMendocino%20County%2F16N16W%2F&files=16N16W12_476207.pdf
WCR0110882,25,65,42,42,hardpan- sandy clay/blue serpentine clay,M16N16W31,https://fte.water.ca.gov/owncloud/index.php/s/M6wVTjROhqucdsB/download?path=%2FMendocino%20County%2F16N16W%2F&files=16N16W31_118774.pdf
WCR0126720,20,60,52,52,volcanic ash and rock,M16N17W03,https://fte.water.ca.gov/owncloud/index.php/s/M6wVTjROhqucdsB/download?path=%2FMendocino%20County%2F16N17W%2F&files=16N17W03_74841.pdf
WCR0246965,59,78,39,39,hard sandy gray rock,M16N17W05,https://fte.water.ca.gov/owncloud/index.php/s/M6wVTjROhqucdsB/download?path=%2FMendocino%20County%2F16N17W%2F&files=16N17W05_066971.pdf
WCR1987-007578,25,60,16,16,brown clay and brown sandstone/grey sandstone,M16N17W06,https://fte.water.ca.gov/owncloud/index.php/s/M6wVTjROhqucdsB/download?path=%2FMendocino%20County%2F16N17W%2F&files=16N17W06_299537.pdf
WCR0210373,155,175,30,30,hard gray rock,M16N17W08,https://fte.water.ca.gov/owncloud/index.php/s/M6wVTjROhqucdsB/download?path=%2FMendocino%20County%2F16N17W%2F&files=16N17W08_229165.pdf
WCR1989-003226,40,140,0,0,blue sandstone/shale,M16N17W08,https://fte.water.ca.gov/owncloud/index.php/s/M6wVTjROhqucdsB/download?path=%2FMendocino%20County%2F16N17W%2F&files=16N17W08_271787.pdf
WCR1993-001389,20,103,15,15,brown sandstone/gray sandstone,M16N17W08,https://fte.water.ca.gov/owncloud/index.php/s/M6wVTjROhqucdsB/download?path=%2FMendocino%20County%2F16N17W%2F&files=16N17W08_407161.pdf
WCR1993-005985,20,84,11,11,brown sandstone/clay/gray sandstone,M16N17W11,https://fte.water.ca.gov/owncloud/index.php/s/M6wVTjROhqucdsB/download?path=%2FMendocino%20County%2F16N17W%2F&files=16N17W11_493605.pdf
WCR0065305,36,96,27,27,clay/shale/fractured sandstone/graywacke,M16N17W12,https://fte.water.ca.gov/owncloud/index.php/s/M6wVTjROhqucdsB/download?path=%2FMendocino%20County%2F16N17W%2F&files=16N17W12_110274.pdf
WCR2013-006283,38,178,22,22,sandstone and shale,M16N17W12,https://fte.water.ca.gov/owncloud/index.php/s/M6wVTjROhqucdsB/download?path=%2FMendocino%20County%2F16N17W%2F&files=16N17W12_E0172094.pdf
WCR0266524,40,120,52,52,brown broken rock/blue clay/blue rock,M16N17W16,https://fte.water.ca.gov/owncloud/index.php/s/M6wVTjROhqucdsB/download?path=%2FMendocino%20County%2F16N17W%2F&files=16N17W16_135963.pdf
WCR1990-006225,25,100,22,48,fractured blue sandstone and weathered sandstone/hard sandstone,M16N17W16,https://fte.water.ca.gov/owncloud/index.php/s/M6wVTjROhqucdsB/download?path=%2FMendocino%20County%2F16N17W%2F&files=16N17W16_341814.pdf
WCR1990-005935,48,108,35,70,weather sandstone and blue sandstone,M16N17W16,https://fte.water.ca.gov/owncloud/index.php/s/M6wVTjROhqucdsB/download?path=%2FMendocino%20County%2F16N17W%2F&files=16N17W16_341843.pdf
WCR0210139,40,220,31,31,blue clay rock/blue rock,M16N17W17,https://fte.water.ca.gov/owncloud/index.php/s/M6wVTjROhqucdsB/download?path=%2FMendocino%20County%2F16N17W%2F&files=16N17W17_140918.pdf
WCR1993-005987,50,150,19,19,gray sandstone,M16N17W17,https://fte.water.ca.gov/owncloud/index.php/s/M6wVTjROhqucdsB/download?path=%2FMendocino%20County%2F16N17W%2F&files=16N17W17_493607.pdf
WCR1987-007470,20,30,9999,9999,Did not reach bedrock,M16N17W20,https://fte.water.ca.gov/owncloud/index.php/s/M6wVTjROhqucdsB/download?path=%2FMendocino%20County%2F16N17W%2F&files=16N17W20_299503.pdf
WCR1993-002463,20,114,36,36,brown standstone/gray sandstone,M16N17W21,https://fte.water.ca.gov/owncloud/index.php/s/M6wVTjROhqucdsB/download?path=%2FMendocino%20County%2F16N17W%2F&files=16N17W21_419874.pdf
WCR0040165,50,70,8,8,fractured gray sandstone/hard consolidated gray sandstone,M16N17W21,https://fte.water.ca.gov/owncloud/index.php/s/M6wVTjROhqucdsB/download?path=%2FMendocino%20County%2F16N17W%2F&files=16N17W21_68666.pdf
WCR1992-008118,35,155,40,40,sandstone,M16N17W28,https://fte.water.ca.gov/owncloud/index.php/s/M6wVTjROhqucdsB/download?path=%2FMendocino%20County%2F16N17W%2F&files=16N17W28_433438.pdf
WCR1990-007369,10,85,28,28,sandstone,M16N17W29,https://fte.water.ca.gov/owncloud/index.php/s/M6wVTjROhqucdsB/download?path=%2FMendocino%20County%2F16N17W%2F&files=16N17W29_333605.pdf
WCR1989-001792,20,45,35,35,sands and sandstone,M16N17W34,https://fte.water.ca.gov/owncloud/index.php/s/M6wVTjROhqucdsB/download?path=%2FMendocino%20County%2F16N17W%2F&files=16N17W34_211103.pdf
WCR1990-009847,120,180,36,36,sandstone,M16N17W35,https://fte.water.ca.gov/owncloud/index.php/s/M6wVTjROhqucdsB/download?path=%2FMendocino%20County%2F16N17W%2F&files=16N17W35_365038.pdf
WCR1991-011076,40,137,65,65,brown sandstone,M16N17W35,https://fte.water.ca.gov/owncloud/index.php/s/M6wVTjROhqucdsB/download?path=%2FMendocino%20County%2F16N17W%2F&files=16N17W35_433403.pdf
WCR2000-001719,160,240,0,32,hard sandstone/sandstone w shale,M17N16W36,https://fte.water.ca.gov/owncloud/index.php/s/M6wVTjROhqucdsB/download?path=%2FMendocino%20County%2F17N16W%2F&files=17N16W36_710212.pdf
WCR2013-006469,65,105,12,12,hard gray rock/brownish red rock/gray rock/fractured rock,M17N16W36,https://fte.water.ca.gov/owncloud/index.php/s/M6wVTjROhqucdsB/download?path=%2FMendocino%20County%2F17N16W%2F&files=17N16W36_E0184066.pdf
WCR1994-001140,40,80,38,38,sandstone,M17N17W30,https://fte.water.ca.gov/owncloud/index.php/s/M6wVTjROhqucdsB/download?path=%2FMendocino%20County%2F17N17W%2F&files=17N17W12_419949.pdf
WCR0194445,80,100,14,14,hard sandy blue rock,M17N17W30,https://fte.water.ca.gov/owncloud/index.php/s/M6wVTjROhqucdsB/download?path=%2FMendocino%20County%2F17N17W%2F&files=17N17W30_091758.pdf
WCR2005-001170,60,100,18,18,sandstone/hard sandstone,M17N17W30,https://fte.water.ca.gov/owncloud/index.php/s/M6wVTjROhqucdsB/download?path=%2FMendocino%20County%2F17N17W%2F&files=17N17W30_0926376.pdf
WCR0308232,17,27,17,17,brown rock/blue rock,M17N17W30,https://fte.water.ca.gov/owncloud/index.php/s/M6wVTjROhqucdsB/download?path=%2FMendocino%20County%2F17N17W%2F&files=17N17W30_123090.pdf
WCR0163468,20,62,16,16,brown rock/grey rock,M17N17W30,https://fte.water.ca.gov/owncloud/index.php/s/M6wVTjROhqucdsB/download?path=%2FMendocino%20County%2F17N17W%2F&files=17N17W30_131623.pdf
WCR1988-002216,10,19,10,10,brown and gray shale,M17N17W30,https://fte.water.ca.gov/owncloud/index.php/s/M6wVTjROhqucdsB/download?path=%2FMendocino%20County%2F17N17W%2F&files=17N17W30_210980.pdf
WCR0065542,11,18,9999,9999,Did not reach bedrock,M17N17W30,https://fte.water.ca.gov/owncloud/index.php/s/M6wVTjROhqucdsB/download?path=%2FMendocino%20County%2F17N17W%2F&files=17N17W30_30883.pdf
WCR1995-005163,30,175,14,14,gray sandstone,M17N17W30,https://fte.water.ca.gov/owncloud/index.php/s/M6wVTjROhqucdsB/download?path=%2FMendocino%20County%2F17N17W%2F&files=17N17W30_559970.pdf
WCR2001-001101,30,140,28,28,sandstone,M17N17W30,https://fte.water.ca.gov/owncloud/index.php/s/M6wVTjROhqucdsB/download?path=%2FMendocino%20County%2F17N17W%2F&files=17N17W30_710686.pdf
WCR1998-005752,25,200,25,25,sandstone/sandston w shale,M17N17W30,https://fte.water.ca.gov/owncloud/index.php/s/M6wVTjROhqucdsB/download?path=%2FMendocino%20County%2F17N17W%2F&files=17N17W30_814089.pdf
WCR1987-000508,60,100,57,57,hard blue and black rock,M17N17W31,https://fte.water.ca.gov/owncloud/index.php/s/M6wVTjROhqucdsB/download?path=%2FMendocino%20County%2F17N17W%2F&files=17N17W31_134010.pdf
WCR0065556,50,60,0,0,sandstone/blue shale,M17N17W31,https://fte.water.ca.gov/owncloud/index.php/s/M6wVTjROhqucdsB/download?path=%2FMendocino%20County%2F17N17W%2F&files=17N17W31_17933.pdf
WCR1985-005754,149,307,15,15,very hard gray sandstone with streaks of shale,M17N17W32,https://fte.water.ca.gov/owncloud/index.php/s/M6wVTjROhqucdsB/download?path=%2FMendocino%20County%2F17N17W%2F&files=17N17W32_213700.pdf
